Name,AR,BR,JR,Rating,Reddit,Rating notes,Epnum,@,Availability,Tags,Plot/war,IMDB,Year
Rambo: First Blood Part II (1985) (LIVE at SF Sketchfest) (MaxFunDrive 2018),,,,,,,Bonus,,,Unwatched,,,
Starship Troopers (1997),,,,,,,Bonus,,,Unwatched,,,
Wonder Woman (2017),,,,,,,Bonus,,,Watched,,,
Terminator 2: Judgment Day (1991),,,,,,,Bonus,,,Unwatched,,,
Commando (1985) LIVE (post-MaxFunDrive 2019),,,,,,,Bonus,,,Unwatched,,,
Triple Frontier (2019) (post-MaxFunDrive 2019),,,,,,,Bonus,,,Unwatched,,,
Edge of Tomorrow (2014) (post-MaxFunDrive 2019),,,,,,,Bonus,,,Unwatched,,,
Spy Game (2001) (post-MaxFunDrive 2019),,,,,,,Bonus,,,Unwatched,,,
Lord of War (2005) (post-MaxFunDrive 2019),,,,,,,Bonus,,,Unwatched,,,
Rogue One: A Star Wars Story (2016),,,,,,,Bonus,,,Watched,,,
Rocky IV (1985) (post-MaxFunDrive 2019),,,,,,,Bonus,,,Unwatched,,,
Rambo III (1988),,,,,,,Bonus,,,Unwatched,,,
Outbreak (1995),,,,,,,Bonus,,,Unwatched,,,
7 Days in Entebbe (2018),2,2,2,,,,Bonus,,,Watched,"War against terrorism (hijacking), Operation Entebbe, 1976",,
Saving Private Ryan (1998),,,,,,,1,,,Watched,World War II: D-Day and subsequent rescue mission,,1998
"Run Silent, Run Deep (1958)",,,,,,,2,,,Watched,"World War II, submarine warfare in the Pacific Ocean",,1958
Flying Leathernecks (1951),,,,,,,3,,,Watched,World War II: United States Marine Corps aviators,,1951
First Blood (1982),,,,,,,4,,,Watched,Vietnam War: veteran John Rambo vs. small-town sheriff,,1982
Master and Commander: The Far Side of the World (2003),,,,,,,5,,N/a,Watched,Napoleonic Wars: French vs. British Naval warfare,,2003
Stalag 17 (1953),,,,,,,6,,,Watched,World War II: Luftwaffe POW camp,,1953
Braveheart (1995),,,,,,,7,https://www.popcornflix.com/watch/channel/actionthrillers/movie/18-jsp5g6inwkzw-braveheart?autoplay=false,popcornflix,Watched,"First War of Scottish Independence ca. 1280, William Wallace vs. English King Edward I",,1995
Zulu (1964),,,,,,,8,,,Watched,Anglo-Zulu War: Battle of Rorke's Drift,,1964
Fires on the Plain (1959),,,,,,,9,,,Watched,"World War II: Japanese soldiers, Battle of Leyte",,1959
Fury (2014),,,,,,,10,,,Watched,World War II: US tank crews in Nazi Germany,,2014
Enemy at the Gates (2001),,,,,,,11,,,Watched,World War II: dueling snipers at Battle of Stalingrad,,2001
MASH (1972),,,,,,,12,Hulu,Hulu,Watched,Korean War: Mobile Army Surgical Hospital,,1972
Three KingsThree Kings (1999),3,3.5,2.5,Nerf footballs with explosives strapped to them,,"John gave 2 + 1 Nerf baseball with an M-80 taped to it.

Ben gave 3 + 2 M-80 strapped baseballs

Conversion rate: 4 baseballs per football",13,https://hdfy.to/movies/action/three-kings-1999-watch-online,hdfy,Watched,Gulf War I: Gold heist after end of war,,1999
Force 10 from Navarone (1978),3.5,3.5,3.5,Pieces of exploding dog poop,,A:3.5; B:3.5; J:3.5,14,Prime video,Prime,Watched,World War II: Hunting German spy in Yugoslavia (Sequel to Guns of Navarone),,1978
Red Dawn (1984),2,2.5,4,Daughters in a cellar,,A:2; B:2+1 leg; J:4,15,https://hdfy.to/movies/action/red-dawn-1984-watch-online,hdfy,Watched,World War III: Invasion of central US by Nicaragua & Cuba via Mexico,,1984
Red Dawn (2012),1,1.5,2,Various Subway sandwiches,,"A:1 6"" sub; B:1 Italian sub+0.5 meatball subs; J:2 meatball sandwiches eaten in the bathtub at 2 am after smoking a really furry bowl of weed acquired at a bus stop for a 64-oz Mountain Dew",16,https://hdfy.to/movies/action/red-dawn-2012-watch-online,hdfy,Watched,World War III: Invasion of Washington state by North Korea,,2012
Glory (1989),5,4,5,Peaceful pelicans,,A:5; B:4; J:5,17,https://hdfy.to/movies/biography/glory-1989-watch-online,hdfy,Watched,"American Civil War: 54th Massachusetts Infantry, African-American regiment",,1989
The Battle of Algiers (1966),3.5,4,3.75,Baskets containing explosives,,"A:3.5; B:4; J:3.75 (1 (2?) basket with a bomb + 1 basket with dog, smaller basket in dog's mouth)",18,https://www.youtube.com/watch?v=f_N2wyq7fCE,Youtube,Watched,Algerian War: French Army vs. FLN,,1966
Rescue Dawn (2006),3.5,3.5,2.5,Fantasy fridges,,A:3.5; B:3.5; J:2.5,19,https://hdfy.to/movies/adventure/rescue-dawn-2006-watch-online,hdfy,Watched,Vietnam War: Escape of downed pilot/POWs,,2006
From Here to Eternity (1953),4,4,3.5,Pineapple Hawaiian (aloha) shirts,,B:4; J:3.5; A:4,20,https://www.youtube.com/watch?v=v0suVmXWPfc,Youtube,Watched,World War II: Pearl Harbor and preceding drama,,1953
The African Queen (1951),4,4.5,3.5,Bottles of Charlie's gin,,A:4; B:4+a G&T on the side; J:3+1 broken boiler,21,Prime,Prime,Watched,"World War I: Novel adaptation, Brits/Canadians vs. Germans in Africa",,1951
Clear and Present Danger (1994),4,4,2.5,Cutter's get-out-of-jail letter,,A:4; J:2.5; B:4,22,https://www.popcornflix.com/watch/channel/actionthrillers_movies/movie/18-nxv8hss4ednd-clear-and-present-danger,popcornflix,Watched,"War on drugs, Colombian cartels",,1994
The Dirty Dozen (1967),4,3,4.5,Donald Duck figurines,,B:3; J:4.5; A:4,23,https://www.netflix.com/search?q=The%20Dirty%20Dozen,Netflix,Watched,"World War II: Army convicts, suicide mission to support D-Day invasion",,1967
Apocalypse Now (1979),4.5,4.5,4.5,Puppy that survives the sampan massacre,,A:4.5; B:4.5; J:4.5,24,,,Watched,Vietnam War: Seek and destroy renegade Colonel,,1979
The Last Of The Mohicans (1992),4,4,2.5,Monroe's carved-out heart,,A:4; B:4; J:2.5,25,,N/a,Unwatched,French and Indian War (Seven Years' War),https://www.imdb.com/title/tt0104691/?ref_=nv_sr_srsg_0,1992
Paradise Now (2005),4,3,4.5,Pieces of pita bread,,A:4; B:3; J:4.5,26,https://www.youtube.com/watch?v=ZcESoSGU1gg,Youtube,Unwatched,Palestine,,2005
Mongol (2007),4,4,4,Height-measuring wagon wheels,,B:4; J:4; A:4,27,https://www.youtube.com/watch?v=MxGpFY6OJWg,Youtube,Unwatched,"Rise of Genghis Khan, wars of Mongol consolidation/expansion",,2007
Operation Dumbo Drop (1995),1,2.5,1.5,Tranquilizer suppositories,,A:1 (broken); B:2.5; J:1.5,28,https://hdfy.to/movies/action/operation-dumbo-drop-1995-watch-online,hdfy,Unwatched,Vietnam War: Deliver elephant to village,,1995
The Siege (1998),3,3.5,4,Oranges eaten weirdly like an apple,,A:3; B:3+1 peel; J:4 (should watch) or 2(good movie),29,https://123movies-free.club/-/player-branded/imdb/tt0133952/#/z=31133/c_img1=%2F%2Fi.imgur.com%2FTQP67jV.png/theme=white/c_color=0397D6/,123,Unwatched,(pre-)War on Terror: Islamic terrorism and US response in NYC,,1998
Platoon (1986),4.5,4.5,5,Tiny spaghetti-strapped gym backpacks full of explosives,,A:4.5; CB:4.5; B:4.5; J:5,30,Prime Video,Prime,Unwatched,Vietnam War: Infantry experience,,1986
The Enemy Below (1957),4,4,4.5,Dismembered fingers,,A:4; B:4; J:4.5,31,https://www.youtube.com/watch?v=ny6oZED1Hm8,Youtube,Unwatched,World War II: Anti-submarine warfare,,1957
Paisan (1946),1,2.5,2.5,Cans of eggs,,A:1; B:2.5; J:2.5,32,https://iupui.kanopy.com/video/paisan,kanopy,Unwatched,World War II: Italian campaign,,1946
Star Wars (1977),5,4.5,4.5,Medals,,A:5; B:4.5; J:4.5,33,,N/a,Unwatched,Galactic Empire vs Rebel Alliance (SciFi),,1977
Aliens (1986),5,5,4,Ripley's Reeboks,,A:5; B:5; J:4,34,,N/a,Unwatched,Marines vs. Hostile xenomorphs (SciFi),,1986
Kelly’s Heroes (1970),4,3.75,1,Michelin Guides,,"A:4; B:3+.75 (missing leather binding); J:1 (that has spent 7 years in a youth hostel, middle 30 pages torn out by some inconsiderate French guy, notes in the margins by a sorority girl, giant Sharpie dick on cover)",35,https://hdfy.to/movies/adventure/kelly-s-heroes-1970-watch-online,hdfy,Unwatched,World War II (Comedy),,1970
Army of Shadows (L’armée des ombres) (1969),4,4.5,4.5,Cyanide capsules,,A:4; B:4.5; J:4.5,36,https://hdfy.to/movies/drama/army-of-shadows-1969-watch-online,hdfy,Unwatched,"World War II, French Resistance",,1969
Dr. Strangelove (1964),5,5,5,Giant phallic cigar,,"A:5 (unsmoked, unlit, unpunched); B:5; J:5",37,https://hdfy.to/movies/comedy/dr-strangelove-or-how-i-learned-to-stop-worrying-and-love-the-bomb-1964-watch-online,hdfy,Unwatched,Cold War/World War III (Political satire),,1964
Sands of Iwo Jima (1949),3,2.5,2,Non-martial cans of formula,,A:3; B:2.5; J:2,38,https://www.dailymotion.com/video/x3y8m4e,Dailymotion,Unwatched,"World War II, Battle of Iwo Jima",,1949
Sicario (2015),4.5,4.5,2.5,Cans of sand,https://www.reddit.com/r/FriendlyFirePodcast/comments/9lkx2e/friendly_fire_ep_39_sicario/,,39,https://www.justwatch.com/us/movie/sicario,N/a,Unwatched,War on drugs,,2015
U-571 (2001),2,3,2,The raw eggs of fear,,A:2; B:3; J:2,40,https://www.justwatch.com/us/movie/u571,N/a,Unwatched,"World War II, Submarine warfare, Enigma heist",,2001
Von Ryan’s Express (1965),3,3,2.75,Pilot's watches,,A:3; B:3; J:2.75 (2+1 bought on eBay but it's been overwound and the spring is sprung),41,https://www.justwatch.com/us/movie/von-ryans-express,,Unwatched,"World War II, POW camp",,1965
Downfall (Der Untergang) (2004),4.5,4.5,4.8,Hitler's birthday cake,,A:4.5; B:4.5; J:4.8 (dinged by a dad-swipe at frosting),42,,Prime,Unwatched,"World War II, Hitler's final ten days in Berlin",,2004
RAN (乱) (1985),4,4,5,Antagonistic salted fox heads OR Lady Sue's actual salted head,,A:4 (Sue); B:4 (Sue) + 1 (fox); J:5 (Sue) + 4 (fox)!!,43,https://www.justwatch.com/us/movie/ran,N/a,Unwatched,"War of succession, Sengoku period, Japan",,1985
All Quiet on the Western Front (1930),4.5,4.5,4.5,Franz's fancy boots from home,,A:4.5; J:4.5; B:4.5,44,https://www.justwatch.com/us/movie/all-quiet-on-the-western-front,N/a,Unwatched,World War I,,1930
Biloxi Blues (1988),1,2,2,The dance gloves of unsatisfying chastity,,A:1+1 middle finger; B:2; J:2,45,https://www.justwatch.com/us/movie/biloxi-blues,N/a,Unwatched,"World War II, boot camp",,1988
The Deer Hunter (1978),3,3.5,3,The Cadillac Coupe De Ville,,"A:3; B:3.5; J:3 (1 really nice stock one; 1 battered one; 1 in parts: a GM390 motor on a pallet, fenders & pitted chrome, motor needs rebuild, stripped to the frame in a chop shop)",46,https://www.justwatch.com/us/movie/the-deer-hunter,N/a,Unwatched,Vietnam War and after,,1978
Valkyrie (2008),4,3,2.5,von Stauffenberg's glass eye,,A:4; B:3; J:2.5,47,https://www.justwatch.com/us/movie/valkyrie,N/a,Unwatched,"World War II, Hitler assassination attempt",,2008
Pearl Harbor (2001),2,0.5,0.5,Sparks flying at Affleck's plane from out of frame during water landing,,A:2; B:0.5; J:0.5 in the process of being extinguished by a stream of piss,48,https://www.justwatch.com/us/movie/pearl-harbor,N/a,Unwatched,"World War II, Pearl Harbor",,2001
Courage Under Fire (1996),4,4,4,"Denzel Washington's Alka-Seltzer coffee (""Colombian Rabies"")",,A:4; B:4; J:4 (3+1 where the package of Alka-Seltzers was damaged from being in a first-aid kit but was still a complete package),49,https://www.justwatch.com/us/movie/le-courage-a-lepreuve,N/a,Unwatched,"Gulf War, Medal of Honor investigation",,1996
Black Book (2006),4,3,4,Müntze's gun-boner,,A:4; J:3+1 Luger with half-empty clip so it's a less effective gun-boner; B:4,50,https://www.justwatch.com/us/movie/black-book,N/a,Unwatched,"World War II, Resistance in the Netherlands",,2006
RoboCop (1987),4,2.5,3,RoboCop's hacking metal middle finger,,A:4; B:2.5; J:3+1 green leather miniskirt motorcycle jacket outfit covered in cocaine,51,https://www.justwatch.com/us/movie/robocop-1,N/a,Unwatched,"War on Crime, ""future"" Detroit",,1987
Paths of Glory (1957),5,5,4,Mireau's periscope binoculars,,A:5; B:5; J:4+1 dirt clod that flew unseen over the trench top,52,https://www.justwatch.com/us/movie/paths-of-glory,N/a,Unwatched,World War I,,1957
Letters from Iwo Jima (2006),4.5,4.5,4,Kuribayashi's gift Colt .45 pistol,,A:4.5; B:4.5; J:4+a thousand-stitch belt,53,https://www.justwatch.com/us/movie/letters-from-iwo-jima,N/a,Unwatched,"World War II, Battle of Iwo Jima, defenders' perspective",,2006
Flags of Our Fathers (2006),2,2,3,Relationships between father and son,,A:2; B:2; J:3,54,https://www.justwatch.com/us/movie/flags-of-our-fathers,N/a,Unwatched,"World War II, Battle of Iwo Jima; US homefront politics",,2006
Inglourious Basterds (2009),4,2.5,2.5,Bridget von Hammersmark's high-heel thigh-high cast,,A:4; B:2.5 with a bleeding foot in the half cast; J:2.5,55,,,Watched,World War II alternate history,,2009
Salvador (1986),3,3,2.75,The unattainable cédula,,A:3; B:3; J:2.75+.25 ASPCA badges,56,https://www.justwatch.com/us/movie/salvador-1986,N/a,Unwatched,"Bosnian War, rescuing downed Navy pilot",,1986
Behind Enemy Lines (2001),1.5,1.5,2.5,The red Jell-O cup of boredom,,A:1.5; J:1.5; B:2.5,57,https://www.justwatch.com/us/movie/behind-enemy-lines,N/a,Unwatched,Hyborian War on genocidal snake magicians (Fantasy),,2001
Conan the Barbarian (1982),4,2,3.5,Cannibal soup hands,,A:4; B:2; J:3.5,58,https://www.justwatch.com/us/movie/conan-the-barbarian-1982,N/a,Unwatched,"Vietnam War, civilian experience",,1982
Heaven and Earth (1993),4.5,4,5,Shitty wind-up panda cymbalist,,A:4.5; B:4; J:5,59,https://www.justwatch.com/us/movie/heaven-and-earth,N/a,Unwatched,Iraq War looking for WMDs,,1993
Green Zone (2010),2,2.5,2,Printed PowerPoint Presentation,https://www.reddit.com/r/FriendlyFirePodcast/comments/aw3xxy/ep_60_green_zone_2010/,,60,https://www.justwatch.com/us/movie/green-zone,N/a,Unwatched,"WWII: Anyway, we delivered the bomb, then sank",,2010
USS Indianapolis: Men of Courage (2016),1,1,1,Fake life-raft piano keys,,"A:1; B:1 single foam key played with 3 fingers out of key; J:1 plinked b-flat eighth-note, no sustain",61,https://www.netflix.com/title/80108976,Netflix,Unwatched,WWII B-17 over Europe,,2016
Memphis Belle (1990),3,2,3.5,Flak-ruptured thermoses of tomato soup,,A:3; B:2+1 of barfed mystery soup; J:3.5,62,https://www.justwatch.com/us/movie/memphis-belle,N/a,Unwatched,WWII British POWs in Asia,,1990
The Bridge on the River Kwai (1957),5,5,5,Convalescent beach martinis,,A:5; B:5; J:5,63,https://www.crackle.com/watch/1701,Sony crackle,Unwatched,"The classic story of English POWs in Burma forced to build a bridge to aid the war effort of their Japanese captors. British and American intelligence officers conspire to blow up the structure, but Col. Nicholson , the commander who supervised the bridge's construction, has acquired a sense of pride in his creation and tries to foil their plans.",,1957
Predator (1987),4.5,4,3.5,Hawkins' comic books,,A:4.5; B:4; J:3.5,64,https://www.justwatch.com/us/movie/predator,N/a,Unwatched,War against commando-hunting alien in Central America,,1987
Battle for Incheon: Operation Chromite (2016),1.75,2,2.5,MacArthurian Ladders,,A:1.75; B:2; J:2.5 (2+one of those little ones from Lowe's),65,,,Watched,Korean War: Battle for Incheon,,2016
Dunkirk (2017),3.5,4,3,Deadstick Spitfires,,A:3.5; B:4; J:3,66,,,Watched,WWII: Evacuating Allied troops from Dunkirk,,2017
Darkest Hour (2017),4.5,3,3,Up-your-bum backward V signs,,A:4.5; B:3; J:3,67,https://www.justwatch.com/us/movie/darkest-hour,N/a,Unwatched,WWII: Churchill's rise,,2017
The Key (1958),5,4.5,5,Christmas trees with lit birthday candles,,A:5; B:4.5; J:5,68,https://www.justwatch.com/us/movie/the-key-1958,N/a,Unwatched,"WWII: Dueling tugboats, Battle of the Atlantic",,1958
Redbad (2018),2.5,0.5,1.5,Wilhelm Screams,,,69,https://www.amazon.com/gp/product/B07GDTSKHX?camp=1789&creativeASIN=B07GDTSKHX&ie=UTF8&linkCode=xm2&tag=justwatch09-20,Prime,Unwatched,"Frisian war against encroaching Frankish influence, 754 AD",,2018
Crash Dive (1943),4,3.5,2.5,Smoking Lamps,,,70,https://www.justwatch.com/us/movie/crash-dive,N/a,Unwatched,"A US Navy submarine, the USS Corsair, is operating in the North Atlantic, hunting German merchant raiders that are preying on Allied shipping. Its new executive officer, Lt. Ward Stewart (Power), has been transferred back into submarines after commanding his own PT boat. At the submarine base in New London, Connecticut, he asks his new captain, Lt. Cmdr. Dewey Connors (Andrews), for a weekend leave to settle his affairs before taking up his new assignment. On a train bound for Washington D.C., Stewart accidentally encounters New London school teacher Jean Hewlett (Baxter) and her students. Despite her initial resistance to his efforts, he charms her and they fall in love.",,1943
Thirty Seconds Over Tokyo (1944),4,3,3,Hat piles,,,71,https://www.justwatch.com/us/movie/thirty-seconds-over-tokyo,N/a,Unwatched,"In the wake of Pearl Harbor, a young lieutenant leaves his expectant wife to volunteer for a secret bombing mission which will take the war to the Japanese homeland.",,1944
Come and See (1985),4,5,6,Cauldrons,,,72,https://www.justwatch.com/us/movie/come-and-see,N/a,Unwatched,"The invasion of a village in Byelorussia by German forces sends young Florya into the forest to join the weary Resistance fighters, against his family's wishes. There he meets a girl, Glasha, who accompanies him back to his village. On returning home, Florya finds his family and fellow peasants massacred. His continued survival amidst the brutal debris of war becomes increasingly nightmarish, a battle between despair and hope.",,1985
https://maximumfun.org/episodes/friendly-fire/friendly-fire-ep-73-promise-2016/,4.5,3.5,4,Armenian streetfight cabbages,,,73,https://www.justwatch.com/us/movie/the-promise-2017,N/a,Unwatched,"Set during the last days of the Ottoman Empire, a love triangle develops between Mikael, a brilliant medical student, the beautiful and sophisticated artist Ana, and Chris, a renowned American journalist based in Paris.",,2016
The Hurt Locker (2008),5,3.5,4.25,Bomb suits,,,74,,,Watched,,,2008
The Sum of All Fears (2002),4.5,4.5,3.5,Containers of ice piss,,,75,https://www.justwatch.com/us/movie/the-sum-of-all-fears,N/a,Unwatched,"When the president of Russia suddenly dies, a man whose politics are virtually unknown succeeds him. The change in political leaders sparks paranoia among American CIA officials, so CIA director Bill Cabot recruits a young analyst to supply insight and advice on the situation. Then the unthinkable happens: a nuclear bomb explodes in a U.S. city, and America is quick to blame the Russians.",,2002
Red Cliff (2008),4.5,4,4,Straw boats,https://www.reddit.com/r/FriendlyFirePodcast/comments/c38p2n/ep_76_red_cliff_2008/,,76,https://www.justwatch.com/us/movie/red-cliff-part-1,N/a,Unwatched,"In 208 A.D., in the final days of the Han Dynasty, shrewd Prime Minster Cao convinced the fickle Emperor Han the only way to unite all of China was to declare war on the kingdoms of Xu in the west and East Wu in the south. Thus began a military campaign of unprecedented scale. Left with no other hope for survival, the kingdoms of Xu and East Wu formed an unlikely alliance.",,2008
The Night of the Shooting Stars (1982),2.5,4,4,Packs of American cigarettes,https://www.reddit.com/r/FriendlyFirePodcast/comments/c6ikyl/ep_77_the_night_of_the_shooting_stars_1982/,,77,https://www.justwatch.com/us/movie/the-night-of-the-shooting-stars,N/a,Unwatched,"The Night of San Lorenzo, the night of the shooting stars, is the night when dreams come true in Italian folklore. In 1944, a group of Italians flee their town after hearing rumours that the Nazis plan to blow it up and that the Americans are about to arrive to liberate them.",,1982
Raiders of the Lost Ark (1981),5,4.5,5,Nun-chuck coat hangers,https://www.reddit.com/r/FriendlyFirePodcast/comments/c9eg4u/ep_78_raiders_of_the_lost_ark_1981/,,78,,,Watched,,,1981
The Great Escape (1963),4,4.5,3,Cans of milk,https://www.reddit.com/r/FriendlyFirePodcast/comments/cc8ruc/ep_79_the_great_escape_1963/,,79,https://www.amazon.com/gp/product/B000IZ0WQ4?camp=1789&creativeASIN=B000IZ0WQ4&ie=UTF8&linkCode=xm2&tag=justwatch09-20,Prime,Unwatched,"The Nazis, exasperated at the number of escapes from their prison camps by a relatively small number of Allied prisoners, relocate them to a high-security 'escape-proof' camp to sit out the remainder of the war. Undaunted, the prisoners plan one of the most ambitious escape attempts of World War II. Based on a true story.",,1963
A Private War (2018),4.5,4,4.25,Gym membership cards,https://www.reddit.com/r/FriendlyFirePodcast/comments/cf6b3t/ep_80_a_private_war_2018/,,80,,,Watched,,,2018
Casualties of War (1989),1,2.5,2.5,Dubious mangoes,https://www.reddit.com/r/FriendlyFirePodcast/comments/ci1b1c/ep_81_casualties_of_war_1989/,,81,,,Watched,,,1989
The Ottoman Lieutenant (2017),2,1.5,2.5,Trucks,https://www.reddit.com/r/FriendlyFirePodcast/comments/cl37ok/ep_82_the_ottoman_lieutenant_2017/,,82,https://www.justwatch.com/us/movie/the-ottoman-lieutenant,N/a,Unwatched,"Lillie, a determined American woman, ventures overseas to join Dr. Jude at a remote medical mission in the Ottoman Empire (now Turkey). However, Lillie soon finds herself at odds with Jude and the mission’s founder, Woodruff, when she falls for the titular military man, Ismail, just as the war is about to erupt.",,2017
The Patriot (2000),2,2.5,3,Broken rocking chairs,https://www.reddit.com/r/FriendlyFirePodcast/comments/co16nw/ep_83_the_patriot_2000/,,83,,,Watched,,,2000
Hacksaw Ridge (2016),3.5,1.5,2,Jack-in-a-box men,https://www.reddit.com/r/FriendlyFirePodcast/comments/cr5aht/ep_84_hacksaw_ridge_2016/,,84,https://www.justwatch.com/us/movie/hacksaw-ridge,N/a,Unwatched,"WWII American Army Medic Desmond T. Doss, who served during the Battle of Okinawa, refuses to kill people and becomes the first Conscientious Objector in American history to receive the Congressional Medal of Honor.",,2016
Outside the Law (2010),4,4,4.5,Clothesline garrotes,https://www.reddit.com/r/FriendlyFirePodcast/comments/cucobe/ep_85_outside_the_law_2010/,,85,https://www.justwatch.com/us/movie/outside-the-law,N/a,Unwatched,"After losing their family home in Algeria in the 1920s, three brothers and their mother are scattered across the globe. Messaoud joins the French army fighting in Indochina; Abdelkader becomes a leader of the Algerian independence movement in France and Saïd moves to Paris to make his fortune in the shady clubs and boxing halls of Pigalle.",,2010
The Big Red One (1980),4,4,2.5,Big red balls,https://www.reddit.com/r/FriendlyFirePodcast/comments/cxfkef/ep_86_the_big_red_one_1980/,,86,https://www.justwatch.com/us/movie/the-big-red-one,N/a,Unwatched,"A veteran sergeant of the World War I leads a squad in World War II, always in the company of the survivor Pvt. Griff, the writer Pvt. Zab, the Sicilian Pvt. Vinci and Pvt. Johnson in Vichy French Africa, Sicily, D-Day at Omaha Beach, Belgium and France, ending in a concentration camp in Czechoslovakia where they face the true horror of war.",,1980
Lebanon (2009),4,4.5,2.5,Soup croutons,https://www.reddit.com/r/FriendlyFirePodcast/comments/d0f1uw/ep_87_lebanon_2009/,,87,https://www.justwatch.com/us/movie/lebanon,N/a,Unwatched,"During the First Lebanon War in 1982, a lone tank and a paratroopers platoon are dispatched to search a hostile town.",,2009
Forrest Gump (1994),2,2,2,Bottles of Dr. Pepper,https://www.reddit.com/r/FriendlyFirePodcast/comments/d3mrtw/episode_88_forrest_gump_1994/,,88,https://www.justwatch.com/us/movie/forrest-gump,N/a,Unwatched,"A man with a low IQ has accomplished great things in his life and been present during significant historic events—in each case, far exceeding what anyone imagined he could do. But despite all he has achieved, his one true love eludes him.",,1994
Zero Dark Thirty (2012),4.5,4,5,Dog collars,https://www.reddit.com/r/FriendlyFirePodcast/comments/d6ta14/ep_89_zero_dark_thirty_2012/,,89,https://www.justwatch.com/us/movie/zero-dark-thirty,N/a,Unwatched,"A chronicle of the decade-long hunt for al-Qaeda terrorist leader Osama bin Laden after the September 2001 attacks, and his death at the hands of the Navy S.E.A.L. Team 6 in May, 2011.",,2012
The Mouse That Roared (1959),4,4,3.5,Pieces of bomb footage,https://www.reddit.com/r/FriendlyFirePodcast/comments/d9y50z/ep_90_the_mouse_that_roared_1959/,,90,https://www.justwatch.com/us/movie/the-mouse-that-roared,N/a,Unwatched,"The Duchy of Grand Fenwick decides that the only way to get out of their economic woes is to declare war on the United States, lose and accept foreign aid. They send an invasion force to New York (armed with longbows) which arrives during a nuclear drill that has cleared the streets.",,1959
They Were Expendable (1945),3.75,3,4,Cantinas,https://www.reddit.com/r/FriendlyFirePodcast/comments/dd4upj/ep_91_they_were_expendable_1945/,,91,https://www.justwatch.com/us/movie/they-were-expendable,N/a,Unwatched,"Shortly after Pearl Harbor, a squadron of PT-boat crews in the Philippines must battle the Navy brass between skirmishes with the Japanese. The title says it all about the Navy's attitude towards the PT-boats and their crews.",,1945
The Sun (2005),4.5,4.5,4.5,Hershey Bars with almonds,https://www.reddit.com/r/FriendlyFirePodcast/comments/dgd183/ep_92_the_sun_2005/,,92,https://www.imdb.com/title/tt0439817/,N/a,Unwatched,"Third part in Aleksandr Sokurov's quadrilogy of Power, following Moloch (1999) and Taurus (2001), focuses on Japanese Emperor Hirohito and Japan's defeat in World War II when he is finally confronted by General Douglas MacArthur who offers him to accept a diplomatic defeat for survival.",,2005
Eye in the Sky (2015),4.25,4.45,4.6,Stars,https://www.reddit.com/r/FriendlyFirePodcast/comments/djlk7g/ep_93_eye_in_the_sky_2015/,Rating used % CBD,93,https://iupui.kanopy.com/video/eye-sky-0,kanopy,Unwatched,"A UK-based military officer in command of a top secret drone operation to capture terrorists in Kenya discovers the targets are planning a suicide bombing and the mission escalates from “capture” to “kill.” As American pilot Steve Watts is about to engage, a nine-year old girl enters the kill zone, triggering an international dispute reaching the highest levels of US and British government over the moral, political, and personal implications of modern warfare.",,2015
The Bridge at Remagen (1969),4.5,4.5,4.5,Gold Cigarette Cases,https://www.reddit.com/r/FriendlyFirePodcast/comments/dmv9na/friendly_fire_ep_94_the_bridge_at_remagen_1969/,,94,,,Watched,,,1969
Beasts of No Nation (2015),5,5,5,Short-sleeved white suit-jackets,https://www.reddit.com/r/FriendlyFirePodcast/comments/dq2v05/ep_95_beasts_of_no_nation_2005/,,95,,,Watched,,,2015
Captain America: The First Avenger (2011),2,1.5,1.5,Dummy grenades,https://www.reddit.com/r/FriendlyFirePodcast/comments/dtcvmh/ep_96_captain_america_the_first_avenger_2011/,,96,,,Watched,,,2011
Top Secret! (1984),4.5,2.5,2,Pigeon statues,https://www.reddit.com/r/FriendlyFirePodcast/comments/dwpz52/ep_97_top_secret_1984/,,97,,,Watched,,,1984
Alexander (2004),4.25,2.5,3.5,Monkeys that are not little people,https://www.reddit.com/r/FriendlyFirePodcast/comments/dzzifk/ep_98_alexander_2004/,,98,,,Watched,,,2004
Major Dundee (1965),4.5,3.5,3.75,Howitzers,https://www.reddit.com/r/FriendlyFirePodcast/comments/e3e5yu/ep_99_major_dundee_1965/,,99,https://www.justwatch.com/us/movie/major-dundee,N/a,Unwatched,"During the last winter of the Civil War, cavalry officer Amos Dundee leads a contentious troop of Army regulars, Confederate prisoners and scouts on an expedition into Mexico to destroy a band of Apaches who have been raiding U.S. bases in Texas.",,1965
Tora! Tora! Tora! (1970),4.5,5,4,Hot dogs,https://www.reddit.com/r/FriendlyFirePodcast/comments/e6xk0k/ep_100_tora_tora_tora_1970/,,100,,,Watched,,,1970
Hamburger Hill (1987),4,2,2.5,Helmets,https://www.reddit.com/r/FriendlyFirePodcast/comments/ea2t7r/ep_101_hamburger_hill_1987/,,101,,,Watched,,,1987
Anthropoid (2016),4.25,4.25,4,Clips,https://www.reddit.com/r/FriendlyFirePodcast/comments/ed97jw/ep_102_anthropoid_2016/,John gave an additional bullet,102,,,Watched,,,2016
Das Boot (1981),5,5,4.5,Moldy beads on a string,https://www.reddit.com/r/FriendlyFirePodcast/comments/eg9oxa/episode_103_das_boot_1981/,Ben rated out of hanging sponges,103,https://www.justwatch.com/us/movie/the-boat,N/a,Unwatched,"A German submarine hunts allied ships during the Second World War, but it soon becomes the hunted. The crew tries to survive below the surface, while stretching both the boat and themselves to their limits.",,1981
A Bridge Too Far (1977),4.5,4.5,4.5,Canvas boots,https://www.reddit.com/r/FriendlyFirePodcast/comments/ejcxav/episode_104_a_bridge_too_far_1977/,,104,https://www.amazon.com/gp/product/B07JDL1FBL?camp=1789&creativeASIN=B07JDL1FBL&ie=UTF8&linkCode=xm2&tag=justwatch09-20,Prime,Unwatched,"A Bridge Too Far tells the story of Operation Market Garden, the failed attempt by the allies to end the war quickly by securing three bridges in Holland and allowing access over the Rhine into Germany. A combination of poor allied intelligence and the presence of two crack German Panzer divisions meant that the final part of this operation (the bridge in Arnhem over the Rhine, the titular 'bridge too far') was doomed to failure.",,1977
North West Frontier (1959),3.9,4,3,Babies,https://www.reddit.com/r/FriendlyFirePodcast/comments/empqnk/episode_105_north_west_frontier_1959/,,105,,,Watched,,,1959
Behold a Pale Horse (1964),3.5,3.5,2.5,Hiccups,https://www.reddit.com/r/FriendlyFirePodcast/comments/epzdw2/ep_106_behold_a_pale_horse_1964/,,106,https://www.justwatch.com/us/movie/behold-a-pale-horse,N/a,Unwatched,"Manuel Artiguez, a famous bandit during the Spanish civil war, has lived in French exile for 20 years. When his mother is dying he considers visiting her secretly in his Spanish home town. But his biggest enemy, the Spanish police officer Vinolas, prepared a trap at the hospital as a chance to finally catch Artiguez.",,1964
Stalingrad (2013),4,2,4.5,Fathers,https://www.reddit.com/r/FriendlyFirePodcast/comments/et9845/ep_107_stalingrad_2013/,,107,https://www.justwatch.com/us/movie/stalingrad,N/a,Unwatched,"Drama set in 1942, during one of the most important battles of World War II, which stopped the progress of Nazi forces and turned the tide of war in favor of the Allies. The Soviet army mounts a counter-attack on the Nazi forces that occupy half of Stalingrad on the other side of the Volga, but the operation to cross the river is unsuccessful. A few soldiers who managed to get to the other side take refuge in a house on the bank of Volga. Here they find a girl who didn’t escape when the Germans came. While the whole might of the German army descends onto them, the heroes of Stalingrad experience love, loss, joy and the sense of ultimate freedom that can only be felt by those about to die. They defend the house at all costs while the Red Army prepares for another attack.",,2013
K-19: The Widowmaker (2002),4.25,3.5,3.25,Intact champagne bottles,https://www.reddit.com/r/FriendlyFirePodcast/comments/ewn2u3/ep_108_k19_the_widowmaker_2002/,,108,https://www.justwatch.com/us/movie/k-19-the-widowmaker,N/a,Unwatched,"When Russia's first nuclear submarine malfunctions on its maiden voyage, the crew must race to save the ship and prevent a nuclear disaster.",,2002
1917 (2019),5,4,3.75,Forever tainted canteens,https://www.reddit.com/r/FriendlyFirePodcast/comments/f080vt/ep_109_1917_2019/,,109,https://www.justwatch.com/us/movie/1917,N/a,Unwatched,"At the height of the First World War, two young British soldiers must cross enemy territory and deliver a message that will stop a deadly attack on hundreds of soldiers.",,2019
Air Force (1943),4.25,3.5,3.8,Stingers,https://www.reddit.com/r/FriendlyFirePodcast/comments/f3qyaz/ep_110_air_force_1943/,,110,https://www.justwatch.com/us/movie/air-force-one-avion-presidentiel,N/a,Unwatched,"Russian terrorists conspire to hijack the aircraft with the president and his family on board. The commander in chief finds himself facing an impossible predicament: give in to the terrorists and sacrifice his family, or risk everything to uphold his principles - and the integrity of the nation.",,1943
The English Patient (1996),5,5,5,Bombs,https://www.reddit.com/r/FriendlyFirePodcast/comments/f7a44f/ep_111_the_english_patient_1996/,,111,https://www.justwatch.com/us/movie/the-english-patient,N/a,Unwatched,"In the 1930s, Count Almásy is a Hungarian map maker employed by the Royal Geographical Society to chart the vast expanses of the Sahara Desert along with several other prominent explorers. As World War II unfolds, Almásy enters into a world of love, betrayal, and politics.",,1996
Gallipoli (1981),4.5,4,3.5,Unknown,https://www.reddit.com/r/FriendlyFirePodcast/comments/fatzyj/ep_112_gallipoli_1981/,,112,https://www.amazon.com/gp/product/B07W1162NR?camp=1789&creativeASIN=B07W1162NR&ie=UTF8&linkCode=xm2&tag=justwatch09-20,Prime,Unwatched,"As World War I rages, brave and youthful Australians Archy and Frank—both agile runners—become friends and enlist in the Australian and New Zealand Army Corps together. They later find themselves part of the Dardanelles Campaign on the Gallipoli peninsula, a brutal eight-month conflict which pit the British and their allies against the Ottoman Empire and left over 500,000 men dead.",,1981
Action in the North Atlantic (1943),4,3,4.5,After dinner baths,https://www.reddit.com/r/FriendlyFirePodcast/comments/febiet/ep_113_action_in_the_north_atlantic_1943/,,113,https://www.justwatch.com/us/movie/action-in-the-north-atlantic,N/a,Unwatched,Lieutenant Joe Rossi is 1st Officer on a Liberty Ship in a great convoy bound from Halifax to Murmansk. After German subs crushed the convoy his ship loses the convoy and is heading alone to Murmansk. In spite of attacks by German planes and subs he get the ship safely to Murmansk.,,1943
War Witch (2012),4,4,4,White roosters,https://www.reddit.com/r/FriendlyFirePodcast/comments/fhwjm0/ep_114_war_witch_2012/,,114,https://www.justwatch.com/us/movie/war-witch,N/a,Unwatched,"Somewhere in Sub-Saharan Africa, Komona a 14-year-old girl tells her unborn child growing inside her the story of her life since she has been at war. Everything started when she was abducted by the rebel army at the age of 12.",,2012
Pan’s Labyrinth (2006),4.5,5,4.5,Pieces of chalk,https://www.reddit.com/r/FriendlyFirePodcast/comments/flt5kn/ep_115_pans_labyrinth_2006/,,115,https://www.justwatch.com/us/movie/pans-labyrinth,N/a,Unwatched,"Living with her tyrannical stepfather in a new home with her pregnant mother, 10-year-old Ofelia feels alone until she explores a decaying labyrinth guarded by a mysterious faun who claims to know her destiny. If she wishes to return to her real father, Ofelia must complete three terrifying tasks.",,2006
Lawrence of Arabia (1962),5,5,5,Motorcycles,https://www.reddit.com/r/FriendlyFirePodcast/comments/fpushm/ep_116_lawrence_of_arabia_1962/,,116,https://www.crackle.com/watch/207,Sony crackle,Unwatched,"The story of British officer T.E. Lawrence's mission to aid the Arab tribes in their revolt against the Ottoman Empire during the First World War. Lawrence becomes a flamboyant, messianic figure in the cause of Arab unity but his psychological instability threatens to undermine his achievements.",,1962
The Adventures of Gerard (1970),2,1,1,Legion of Honor stars,https://www.reddit.com/r/FriendlyFirePodcast/comments/fu53dc/ep_117_the_adventures_of_gerard_1970/,,117,https://www.justwatch.com/us/movie/the-adventures-of-gerard,,Unwatched,Napoleonic Wars (Comedy),https://www.imdb.com/title/tt0065375/,1970
The Guns of Navarone (1961),4.5,4,3.75,Nazi dummies,https://www.reddit.com/r/FriendlyFirePodcast/comments/fydlko/ep_118_the_guns_of_navarone_1961/,,118,,https://www.justwatch.com/us/movie/the-guns-of-navarone,,A British team is sent to cross occupied Greek territory and destroy the massive German gun emplacement that commands a key sea channel.,https://www.imdb.com/title/tt0054953/,1961
Black Hawk Down (2001),4.25,3,4,Humvees,https://www.reddit.com/r/FriendlyFirePodcast/comments/g2xdpj/ep_119_black_hawk_down_2001/,,119,,https://www.justwatch.com/us/movie/black-hawk-down,,160 elite U.S. soldiers drop into Somalia to capture two top lieutenants of a renegade warlord and find themselves in a desperate battle with a large force of heavily-armed Somalis.,https://www.imdb.com/title/tt0265086/?ref_=fn_al_tt_1,2001
,,,,,,,,,,,,,
